ID,FIRST_NAME,LAST_NAME,EMAIL,GENDER,IP_ADDRESS,CLIENT_ID,PHONE_NUMBER,COUNTRY_CODE,DATA_USAGE,BILLING_CYCLE,INTERNET_SPEED,CONTRACT_START_DATE,CONTRACT_END_DATE,MONTHLY_BILL_AMOUNT,SERVICE_TYPE,CONTRACT_DURATION_DAYS
1,Zola,Jacobs,zola.jacobs@africa,Female,226.91.203.206,1,313-710-9498,RSA,32.89,yearly,699,2022-09-10,2025-05-22,286.06,prepaid,985
5,Elizabeth,Bwalya,elizabeth.bwalya@ac.zm,Female,191.204.125.89,5,594-369-4392,ZM,46.67,yearly,861,2022-12-17,2025-02-12,365.65,prepaid,788
6,Iribagiza,Ngabo,iribagiza.ngabo@co.rw,Female,76.169.71.235,6,900-389-2643,RW,12.05,yearly,895,2022-09-27,2023-12-29,115.90,broadband,458
11,Panashe,Sithole,panashe.sithole@ac.zw,Male,49.147.182.61,11,971-776-3286,ZWE,26.48,yearly,956,2021-05-26,2024-02-20,304.14,prepaid,1000
14,Zanele,Zuma,zanele.zuma@web.za,Female,164.194.171.46,14,107-549-4696,RSA,83.45,yearly,243,2021-09-22,2023-10-18,13.46,postpaid,756
19,Peter,Tembo,peter.tembo@com.zm,Male,99.41.44.34,19,643-129-3822,ZM,31.51,yearly,535,2020-10-07,2024-11-12,28.04,broadband,1497
21,Patience,Shumba,patience.shumba@net.zw,Female,162.40.82.83,21,786-687-8471,ZWE,20.96,yearly,548,2020-09-27,2025-09-15,140.11,postpaid,1814
23,Brian,Mutsipa,brian.mutsipa@net.zw,Male,179.155.164.53,23,403-289-0281,ZWE,51.53,yearly,439,2020-04-11,2025-11-20,352.32,broadband,2049
34,Baboloki,Kealotswe,baboloki.kealotswe@net.bw,Male,143.90.69.187,34,605-757-2948,BW,37.60,yearly,59,2022-12-09,2024-06-04,137.23,postpaid,543
37,Mihigo,Mporera,mihigo.mporera@rw,Male,239.182.134.9,37,463-625-1527,RW,61.79,yearly,31,2022-04-16,2023-10-04,117.57,broadband,536
38,Dikeledi,Seledi,dikeledi.seledi@org.bw,Bigender,83.226.189.32,38,541-326-7139,BW,42.97,yearly,456,2021-11-17,2025-06-02,367.85,prepaid,1293
39,Maida,Dube,maida.dube@ac.zw,Female,208.85.220.105,39,807-593-3264,ZWE,24.63,yearly,884,2022-02-07,2024-11-18,87.56,postpaid,1015
40,Uwamahoro,Gasimba,uwamahoro.gasimba@rw,Female,79.124.225.174,40,227-209-6013,RW,74.73,yearly,943,2022-11-29,2023-09-01,330.63,postpaid,276
41,Ditiro,Hulela,ditiro.hulela@bw,Female,106.33.12.91,41,855-249-0928,BW,65.47,yearly,142,2020-12-23,2025-02-13,371.35,postpaid,1513
43,John,Zulu,john.zulu@net.zm,Male,229.23.36.93,43,640-822-0113,ZM,52.01,yearly,525,2021-06-25,2024-09-30,308.66,broadband,1193
52,Brian,Tshuma,brian.tshuma@co.zw,Male,191.2.16.161,52,756-897-1276,ZWE,1.98,yearly,135,2021-11-22,2023-04-25,322.71,prepaid,519
59,Nshimiye,Ngabo,nshimiye.ngabo@co.rw,Male,160.67.58.227,59,223-203-4117,RW,93.36,yearly,498,2020-08-11,2024-04-03,158.22,broadband,1331
60,Pule,Molefe,pule.molefe@net.bw,Bigender,224.224.123.140,60,902-140-3667,BW,28.46,yearly,163,2020-05-09,2023-11-23,151.93,prepaid,1293
63,Chanda,Bwalya,chanda.bwalya@com.zm,Male,189.6.248.67,63,489-626-3482,ZM,26.33,yearly,773,2021-05-05,2023-03-10,306.46,broadband,674
66,Tsitsi,Sibanda,tsitsi.sibanda@org.zw,Female,38.42.203.104,66,980-913-2494,ZWE,20.94,yearly,100,2021-02-11,2024-03-19,298.49,postpaid,1132
67,Kudakwashe,Phiri,kudakwashe.phiri@net.zw,Male,207.172.167.53,67,588-240-4765,ZWE,10.02,yearly,607,2022-11-18,2023-11-03,212.05,prepaid,350
68,Lorato,Motlhaping,lorato.motlhaping@bw,Polygender,134.191.61.235,68,282-200-6950,BW,47.36,yearly,98,2020-03-13,2025-01-20,40.06,broadband,1774
69,Nyambe,Phiri,nyambe.phiri@co.zm,Male,133.240.143.46,69,939-236-2925,ZM,35.84,yearly,149,2022-01-21,2025-08-29,206.30,postpaid,1316
75,Chanda,Tembo,chanda.tembo@ac.zm,Female,42.159.137.94,75,656-221-3831,ZM,72.74,yearly,294,2021-11-04,2023-12-04,373.39,postpaid,760
76,Mitaako,Habimana,mitaako.habimana@rw,Female,226.115.182.188,76,534-897-1604,RW,58.83,yearly,982,2022-10-04,2023-12-02,489.79,postpaid,424
79,Sipho,du Plessis,sipho.duplessis@net.za,Male,1.45.125.119,79,940-593-5301,RSA,34.42,yearly,225,2022-06-09,2025-01-21,182.68,prepaid,957
80,Dineo,Molefe,dineo.molefe@net.bw,Polygender,7.14.16.196,80,607-304-3778,BW,97.25,yearly,844,2020-07-13,2024-11-16,332.69,prepaid,1587
82,Kgosi,Steenkamp,kgosi.steenkamp@africa,Male,230.15.142.127,82,132-701-8653,RSA,13.22,yearly,855,2021-10-20,2024-02-25,315.75,prepaid,858
83,Neo,Seledi,neo.seledi@org.bw,Female,255.177.217.179,83,632-417-5361,BW,38.08,yearly,424,2020-08-13,2025-06-17,204.77,postpaid,1769
84,Karabo,Moabi,karabo.moabi@co.bw,Male,78.232.145.150,84,828-650-4001,BW,95.11,yearly,188,2020-09-24,2025-01-10,486.26,postpaid,1569
88,Akaliza,Izere,akaliza.izere@net.rw,Female,92.190.106.239,88,605-259-2744,RW,39.48,yearly,955,2021-08-16,2025-04-28,78.36,postpaid,1351
90,Mulenga,Mwanza,mulenga.mwanza@net.zm,Female,140.157.167.75,90,520-514-5149,ZM,18.53,yearly,34,2021-05-20,2025-03-07,162.58,prepaid,1387
92,Mpho,Bantsi,mpho.bantsi@org.bw,Male,30.243.109.91,92,723-993-9609,BW,89.93,yearly,835,2021-01-26,2023-11-21,471.33,broadband,1029
93,Anele,van der Merwe,anele.vandermerwe@net.za,Genderqueer,86.98.71.95,93,832-955-3475,RSA,51.23,yearly,831,2020-10-23,2025-07-20,356.96,broadband,1731
103,Mazimpaka,Mugwaneza,mazimpaka.mugwaneza@rw,Bigender,251.229.195.251,103,255-369-7745,RW,95.57,yearly,654,2020-12-07,2025-06-18,105.56,postpaid,1654
104,Soko,Musonda,soko.musonda@com.zm,Male,104.107.85.147,104,445-662-6924,ZM,76.89,yearly,102,2022-02-17,2025-10-22,264.09,postpaid,1343
105,Dineo,Nkosi,dineo.nkosi@co.za,Female,221.233.161.196,105,761-252-0647,RSA,27.82,yearly,478,2021-05-06,2024-02-15,331.56,prepaid,1015
106,Siyabonga,Mkhize,siyabonga.mkhize@co.za,Male,219.184.130.84,106,157-651-2457,RSA,61.18,yearly,303,2020-05-15,2024-05-29,141.44,postpaid,1475
107,Munyaradzi,Sibanda,munyaradzi.sibanda@ac.zw,Male,3.63.36.170,107,208-118-4342,ZWE,26.35,yearly,553,2021-08-18,2025-05-29,247.73,prepaid,1380
109,Isaro,Ingabire,isaro.ingabire@co.rw,Female,190.16.212.200,109,892-242-5444,RW,31.23,yearly,310,2020-07-03,2025-08-10,453.25,postpaid,1864
110,Akaliza,Kimani,akaliza.kimani@org.rw,Female,145.88.231.134,110,769-403-9863,RW,87.12,yearly,146,2021-06-13,2025-12-27,20.64,postpaid,1658
119,Joseph,Musonda,joseph.musonda@net.zm,Male,89.148.151.67,119,386-723-5538,ZM,7.42,yearly,994,2022-05-13,2024-04-26,275.10,postpaid,714
121,Nthabiseng,Dlamini,nthabiseng.dlamini@co.za,Female,163.231.234.1,121,254-119-5306,RSA,32.22,yearly,814,2020-07-27,2023-10-10,347.83,broadband,1170
127,Cheelo,Bwalya,cheelo.bwalya@ac.zm,Female,149.85.121.87,127,207-345-0579,ZM,62.25,yearly,84,2021-04-25,2023-03-05,89.13,broadband,679
128,Mulekatete,Gasimba,mulekatete.gasimba@rw,Female,164.150.68.221,128,324-458-6387,RW,29.74,yearly,311,2021-11-14,2023-09-12,471.65,broadband,667
130,Rusanganwa,Uwimana,rusanganwa.uwimana@rw,Male,132.102.72.64,130,199-327-0135,RW,27.79,yearly,501,2020-12-21,2023-10-03,41.26,prepaid,1016
131,Mmusi,Kealotswe,mmusi.kealotswe@bw,Male,35.215.44.36,131,153-861-1590,BW,82.98,yearly,559,2020-12-25,2023-12-22,461.50,prepaid,1092
132,Mandisa,van der Merwe,mandisa.vandermerwe@org.za,Female,39.95.234.247,132,400-160-6939,RSA,93.84,yearly,248,2021-03-12,2024-06-19,122.90,postpaid,1195
134,Lorato,Bantsi,lorato.bantsi@bw,Female,230.152.121.95,134,635-789-7269,BW,34.62,yearly,578,2022-03-19,2023-08-15,306.91,prepaid,514
135,Maida,Ndlovu,maida.ndlovu@org.zw,Female,170.169.194.190,135,279-302-4215,ZWE,92.21,yearly,180,2020-10-08,2025-08-18,22.59,postpaid,1775
140,Sandile,Ngcobo,sandile.ngcobo@org.za,Male,164.204.198.184,140,573-849-3707,RSA,53.86,yearly,850,2021-06-14,2024-08-31,177.78,postpaid,1174
144,Munya,Sithole,munya.sithole@net.zw,Female,224.237.77.55,144,484-996-6819,ZWE,23.92,yearly,635,2020-10-20,2025-04-03,124.91,postpaid,1626
146,Garuka,Arnina,garuka.arnina@org.rw,Female,147.201.146.210,146,861-433-0598,RW,56.69,yearly,413,2022-01-22,2024-12-21,81.01,postpaid,1064
149,Chanda,Mwanza,chanda.mwanza@co.zm,Female,232.57.229.249,149,528-797-5280,ZM,83.50,yearly,941,2022-07-04,2023-11-13,170.04,postpaid,497
151,Emma,Nyoni,emma.nyoni@org.zw,Female,131.90.255.114,151,199-370-3250,ZWE,24.91,yearly,656,2022-01-12,2024-06-30,36.18,postpaid,900
154,Michael,Moyo,michael.moyo@ac.zw,Male,163.190.214.71,154,208-504-7331,ZWE,62.29,yearly,774,2021-01-31,2023-06-17,437.51,postpaid,867
155,Isaro,Ntwali,isaro.ntwali@org.rw,Female,43.201.33.204,155,994-949-5553,RW,10.75,yearly,37,2021-06-12,2024-02-23,32.95,postpaid,986
156,Asanda,Mthembu,asanda.mthembu@org.za,Female,144.57.18.23,156,905-761-7649,RSA,59.71,yearly,356,2021-11-20,2024-07-06,353.56,prepaid,959
158,Lubanzi,van der Merwe,lubanzi.vandermerwe@africa,Male,70.95.92.60,158,743-857-1560,RSA,76.20,yearly,626,2022-04-18,2025-09-06,177.47,postpaid,1237
161,Turatsinze,Mporera,turatsinze.mporera@rw,Male,169.15.145.244,161,420-987-3383,RW,17.37,yearly,357,2020-03-16,2024-03-20,26.20,broadband,1465
163,David,Mpofu,david.mpofu@ac.zw,Male,114.85.244.114,163,607-363-6693,ZWE,37.06,yearly,596,2022-10-31,2023-09-30,229.18,postpaid,334
167,Mugabo,Ngabo,mugabo.ngabo@rw,Male,136.176.122.251,167,647-713-3373,RW,90.70,yearly,169,2022-06-24,2023-02-09,453.79,postpaid,230
176,Mazimpaka,Uwera,mazimpaka.uwera@co.rw,Male,146.0.55.227,176,666-474-5949,RW,22.63,yearly,656,2020-10-28,2023-09-20,137.01,postpaid,1057
181,Mpho,Masesane,mpho.masesane@org.bw,Female,114.85.240.183,181,958-716-1581,BW,19.00,yearly,529,2022-01-06,2024-12-22,436.05,broadband,1081
184,Rusanganwa,Kimani,rusanganwa.kimani@net.rw,Male,245.30.137.202,184,876-434-6179,RW,65.08,yearly,383,2022-08-24,2024-03-26,61.32,postpaid,580
190,Kanyisa,Steenkamp,kanyisa.steenkamp@co.za,Female,53.138.43.181,190,690-920-4115,RSA,87.32,yearly,456,2021-09-04,2023-03-22,98.16,postpaid,564
192,Lorato,Kealotswe,lorato.kealotswe@org.bw,Genderqueer,165.212.90.90,192,968-512-3924,BW,43.37,yearly,19,2021-07-24,2024-09-23,172.63,postpaid,1157
194,Lorato,Moabi,lorato.moabi@bw,Female,132.177.78.215,194,754-417-0016,BW,98.24,yearly,575,2022-05-21,2025-03-02,445.32,postpaid,1016
196,Amogelang,Bantsi,amogelang.bantsi@org.bw,Male,168.69.87.15,196,517-163-4092,BW,45.23,yearly,705,2022-08-22,2024-06-17,323.78,postpaid,665
209,Boikanyo,Motlhaping,boikanyo.motlhaping@bw,Male,231.52.46.108,209,592-527-3204,BW,52.42,yearly,947,2021-12-14,2025-10-22,126.03,postpaid,1408
214,Nali,Mwanza,nali.mwanza@net.zm,Female,122.103.39.134,214,450-448-0327,ZM,98.92,yearly,185,2022-08-21,2024-09-26,135.18,postpaid,767
218,Tatenda,Mpofu,tatenda.mpofu@ac.zw,Male,95.240.61.232,218,543-981-4414,ZWE,75.98,yearly,346,2021-08-14,2025-01-29,353.17,prepaid,1264
219,Tapiwa,Sithole,tapiwa.sithole@net.zw,Male,116.174.155.232,219,646-142-3564,ZWE,99.68,yearly,405,2020-07-29,2025-07-17,214.36,prepaid,1814
221,Tatenda,Sithole,tatenda.sithole@ac.zw,Male,87.52.171.238,221,337-889-8192,ZWE,33.33,yearly,768,2021-09-24,2024-10-03,392.05,broadband,1105
222,Nali,Lungu,nali.lungu@com.zm,Female,97.137.202.237,222,350-222-5102,ZM,39.56,yearly,591,2022-12-05,2025-04-05,38.84,prepaid,852
226,Baboloki,Simasiku,baboloki.simasiku@bw,Male,67.78.221.1,226,988-920-0073,BW,37.58,yearly,408,2021-08-03,2024-02-15,105.66,prepaid,926
227,Ayabonga,Ndlovu,ayabonga.ndlovu@web.za,Male,208.10.162.71,227,907-930-3469,RSA,27.26,yearly,721,2021-06-20,2023-04-13,295.29,broadband,662
229,Turatsinze,Munyentwari,turatsinze.munyentwari@rw,Male,27.145.192.131,229,227-930-7491,RW,44.23,yearly,153,2022-03-02,2024-07-12,380.38,broadband,863
232,Bwalya,Phiri,bwalya.phiri@ac.zm,Female,102.113.85.222,232,213-828-4962,ZM,51.03,yearly,500,2022-06-21,2025-03-03,289.82,broadband,986
235,Dineo,Kealotswe,dineo.kealotswe@org.bw,Female,93.179.90.189,235,328-300-8748,BW,25.78,yearly,589,2022-03-30,2023-09-17,360.02,postpaid,536
236,Uwimbabazi,Izere,uwimbabazi.izere@co.rw,Female,191.210.59.144,236,378-311-5112,RW,8.27,yearly,966,2022-02-13,2023-04-03,165.30,prepaid,414
239,Rumbidzai,Phiri,rumbidzai.phiri@co.zw,Female,217.245.19.23,239,965-316-3584,ZWE,68.37,yearly,872,2022-08-31,2024-06-03,367.22,broadband,642
240,Bwalya,Musonda,bwalya.musonda@co.zm,Male,196.80.26.241,240,790-950-5698,ZM,32.58,yearly,874,2020-10-25,2024-06-15,191.33,prepaid,1329
243,Ayabonga,Nkosi,ayabonga.nkosi@org.za,Bigender,161.151.175.130,243,840-820-8543,RSA,89.54,yearly,740,2022-09-06,2024-08-25,184.19,postpaid,719
244,Miriro,Moyo,miriro.moyo@ac.zw,Female,3.17.65.231,244,299-152-8036,ZWE,85.11,yearly,803,2020-01-02,2024-01-04,189.21,broadband,1463
245,Panashe,Tshuma,panashe.tshuma@net.zw,Male,231.156.156.178,245,559-784-5087,ZWE,13.90,yearly,463,2020-09-10,2025-03-14,78.32,prepaid,1646
249,Ditiro,Masedi,ditiro.masedi@bw,Female,210.207.213.58,249,471-223-3368,BW,82.43,yearly,371,2020-07-30,2023-02-22,152.93,postpaid,937
250,Amogelang,Simasiku,amogelang.simasiku@net.bw,Male,248.5.110.109,250,421-992-1900,BW,7.37,yearly,580,2022-09-17,2024-11-06,241.42,postpaid,781
253,Keabetswe,van der Merwe,keabetswe.vandermerwe@web.za,Female,150.214.240.57,253,397-984-7329,RSA,32.72,yearly,583,2021-09-19,2023-05-06,282.98,broadband,594
256,Simbarashe,Dube,simbarashe.dube@net.zw,Male,207.0.222.39,256,135-396-4249,ZWE,85.52,yearly,28,2020-03-17,2023-02-17,335.03,broadband,1067
257,Asanda,Mkhize,asanda.mkhize@net.za,Female,112.144.123.104,257,648-914-3451,RSA,86.56,yearly,188,2020-05-02,2023-10-04,448.73,broadband,1250
261,Chanda,Mwanza,chanda.mwanza@net.zm,Genderfluid,242.108.132.39,261,941-884-5678,ZM,25.24,yearly,750,2021-01-07,2025-05-15,469.83,postpaid,1589
262,Michael,Bwalya,michael.bwalya@com.zm,Male,121.170.112.164,262,638-167-2542,ZM,65.54,yearly,682,2021-02-27,2023-06-24,21.19,postpaid,847
263,Mpho,Motlhaping,mpho.motlhaping@bw,Female,196.2.244.120,263,370-961-6515,BW,9.70,yearly,253,2020-10-01,2025-02-03,51.60,broadband,1586
267,Brian,Ncube,brian.ncube@co.zw,Male,221.84.184.161,267,460-491-1718,ZWE,46.72,yearly,155,2020-09-05,2024-03-12,258.13,broadband,1284
270,Jaya,Ndlovu,jaya.ndlovu@co.zw,Female,93.107.116.146,270,968-135-0693,ZWE,23.85,yearly,726,2020-06-04,2023-04-22,27.39,broadband,1052
271,Ntarugera,Gasimba,ntarugera.gasimba@net.rw,Male,220.88.29.148,271,728-794-5580,RW,4.81,yearly,561,2022-11-19,2024-09-19,343.55,postpaid,670
272,Busisiwe,du Plessis,busisiwe.duplessis@org.za,Female,182.98.189.158,272,758-605-7332,RSA,4.10,yearly,677,2020-04-21,2023-06-11,115.88,prepaid,1146
278,Kabo,Bantsi,kabo.bantsi@bw,Male,47.143.245.120,278,372-306-9355,BW,94.80,yearly,463,2022-05-19,2023-10-16,354.46,prepaid,515
287,Munezero,Munyentwari,munezero.munyentwari@org.rw,Male,61.73.38.138,287,670-891-1731,RW,75.41,yearly,123,2020-12-14,2024-03-10,117.06,broadband,1182
293,Panashe,Ngwenya,panashe.ngwenya@ac.zw,Male,190.147.157.107,293,204-203-4897,ZWE,47.04,yearly,586,2021-01-04,2023-03-26,63.14,postpaid,811
294,Sarah,Mulenga,sarah.mulenga@org.zm,Genderqueer,244.148.137.127,294,743-855-6843,ZM,18.91,yearly,751,2021-10-11,2023-07-11,117.52,broadband,638
298,Mulenga,Soko,mulenga.soko@net.zm,Female,76.229.24.111,298,847-953-8476,ZM,64.59,yearly,223,2020-09-13,2025-09-29,347.62,postpaid,1842
300,Isaro,Mugwaneza,isaro.mugwaneza@org.rw,Female,199.137.19.178,300,416-683-4528,RW,13.76,yearly,857,2022-07-11,2025-12-20,363.80,prepaid,1258
301,Thabo,Pretorius,thabo.pretorius@web.za,Male,186.237.19.160,301,468-345-5127,RSA,57.25,yearly,503,2022-12-17,2025-12-13,113.50,broadband,1092
302,Uwimbabazi,Uwera,uwimbabazi.uwera@rw,Female,152.230.2.96,302,370-518-5882,RW,54.12,yearly,295,2022-07-12,2023-08-21,323.48,broadband,405
303,Soko,Nyirenda,soko.nyirenda@net.zm,Male,189.144.138.63,303,541-480-5321,ZM,69.76,yearly,214,2022-06-20,2025-10-19,17.72,prepaid,1217
305,Lorato,Molefe,lorato.molefe@net.bw,Female,64.223.208.79,305,665-518-4642,BW,80.14,yearly,500,2020-05-06,2025-07-25,84.89,postpaid,1906
306,Zola,Ngcobo,zola.ngcobo@org.za,Female,174.97.154.207,306,993-914-3616,RSA,91.43,yearly,744,2021-12-10,2023-08-30,408.02,prepaid,628
314,Goitsemang,Mokgethi,goitsemang.mokgethi@net.bw,Male,125.182.18.56,314,278-917-5067,BW,10.99,yearly,959,2022-02-07,2025-07-24,18.93,prepaid,1263
316,David,Mulenga,david.mulenga@ac.zm,Male,79.97.27.106,316,332-258-2694,ZM,58.63,yearly,595,2021-11-04,2024-03-12,392.85,postpaid,859
318,Busisiwe,Mthembu,busisiwe.mthembu@net.za,Female,89.32.31.82,318,515-709-4206,RSA,51.14,yearly,565,2022-05-24,2024-04-19,162.66,postpaid,696
320,Maita,Ngwenya,maita.ngwenya@co.zw,Female,38.173.110.119,320,581-531-6465,ZWE,37.01,yearly,922,2021-12-20,2023-02-15,463.30,broadband,422
322,Bontle,Seledi,bontle.seledi@bw,Female,76.162.75.63,322,374-284-3913,BW,13.17,yearly,214,2021-02-12,2024-05-15,25.48,postpaid,1188
325,Zimba,Lungu,zimba.lungu@co.zm,Male,30.218.194.12,325,934-481-6418,ZM,15.21,yearly,7,2022-05-03,2023-11-17,244.61,postpaid,563
327,Munyentwali,Habimana,munyentwali.habimana@rw,Genderqueer,156.150.51.221,327,267-762-5982,RW,34.44,yearly,814,2021-11-09,2024-10-21,419.48,postpaid,1077
329,Elani,Steenkamp,elani.steenkamp@web.za,Female,79.5.254.35,329,166-701-8144,RSA,69.07,yearly,351,2022-10-22,2024-12-17,148.96,postpaid,787
330,Emmanuel,Tembo,emmanuel.tembo@net.zm,Non-binary,168.94.245.246,330,880-705-5746,ZM,83.47,yearly,248,2021-01-24,2024-08-06,251.07,postpaid,1290
331,Zulu,Chama,zulu.chama@co.zm,Male,7.207.125.202,331,942-912-9694,ZM,48.15,yearly,670,2022-11-17,2024-01-26,239.96,broadband,435
332,Elizabeth,Moyenda,elizabeth.moyenda@net.zm,Female,124.14.178.8,332,182-963-8726,ZM,33.64,yearly,971,2022-05-27,2023-08-14,209.43,postpaid,444
333,Kgosi,Botha,kgosi.botha@org.za,Male,89.116.152.218,333,149-473-3833,RSA,61.68,yearly,498,2021-10-06,2023-08-24,434.98,prepaid,687
339,David,Sibanda,david.sibanda@co.zw,Male,170.188.234.100,339,643-495-2705,ZWE,54.73,yearly,18,2021-10-15,2025-06-10,56.22,postpaid,1334
340,Bandile,Jacobs,bandile.jacobs@net.za,Male,253.254.166.188,340,741-538-5753,RSA,87.81,yearly,709,2020-03-31,2024-08-03,80.79,broadband,1586
342,Gift,Mulenga,gift.mulenga@co.zm,Female,0.228.150.235,342,348-687-1826,ZM,3.16,yearly,220,2021-05-19,2023-10-22,373.21,postpaid,886
344,Mandisa,Jacobs,mandisa.jacobs@net.za,Female,238.117.71.101,344,716-962-5802,RSA,47.57,yearly,685,2020-07-27,2025-01-25,282.58,broadband,1643
346,Munya,Ngwenya,munya.ngwenya@co.zw,Genderqueer,214.108.63.46,346,241-673-8399,ZWE,90.11,yearly,982,2022-10-14,2023-12-03,372.01,postpaid,415
350,Sipho,Zuma,sipho.zuma@org.za,Male,16.62.175.55,350,216-110-5111,RSA,10.15,yearly,525,2020-02-28,2025-12-07,226.35,broadband,2109
351,Siboyintore,Kimani,siboyintore.kimani@org.rw,Male,47.81.142.221,351,280-846-8898,RW,3.33,yearly,330,2021-10-13,2023-07-08,273.83,postpaid,633
352,Namwali,Nyirenda,namwali.nyirenda@co.zm,Female,240.188.168.73,352,447-738-0769,ZM,28.97,yearly,646,2022-09-25,2023-02-18,55.60,postpaid,146
356,Mihigo,Keza,mihigo.keza@co.rw,Male,127.151.232.131,356,725-427-4206,RW,53.44,yearly,934,2022-02-25,2024-06-20,107.98,prepaid,846
367,Inonge,Soko,inonge.soko@net.zm,Polygender,81.167.186.241,367,180-790-9613,ZM,9.82,yearly,964,2021-10-29,2023-05-28,227.79,broadband,576
368,Zimba,Mulenga,zimba.mulenga@org.zm,Male,161.108.240.17,368,351-161-4262,ZM,61.04,yearly,16,2021-10-01,2023-09-30,202.44,prepaid,729
369,Brian,Bwalya,brian.bwalya@org.zm,Male,76.160.15.151,369,665-505-5070,ZM,9.00,yearly,42,2020-12-19,2025-03-31,125.54,prepaid,1563
373,Mazimpaka,Ngabo,mazimpaka.ngabo@rw,Genderfluid,4.98.252.132,373,492-804-6482,RW,35.91,yearly,625,2021-11-26,2025-09-21,229.50,postpaid,1395
374,Sandile,du Plessis,sandile.duplessis@co.za,Male,225.243.76.72,374,864-613-1231,RSA,19.46,yearly,514,2021-07-05,2024-06-18,401.46,broadband,1079
379,Natasha,Nyirenda,natasha.nyirenda@net.zm,Female,215.22.14.46,379,754-835-8139,ZM,12.27,yearly,723,2022-08-15,2023-09-11,434.89,broadband,392
385,Refilwe,Botha,refilwe.botha@org.za,Female,37.66.238.160,385,375-212-6311,RSA,82.05,yearly,566,2020-09-06,2024-02-26,448.93,postpaid,1268
388,Nshimiye,Arnina,nshimiye.arnina@rw,Male,192.164.162.158,388,866-556-3114,RW,11.34,yearly,913,2021-06-17,2025-07-14,456.05,postpaid,1488
390,Melokuhle,Ndlovu,melokuhle.ndlovu@africa,Male,131.39.41.75,390,751-556-5084,RSA,8.33,yearly,699,2020-03-29,2024-06-03,144.40,broadband,1527
392,Ganza,Ingabire,ganza.ingabire@rw,Genderfluid,37.146.14.35,392,473-892-4804,RW,12.77,yearly,178,2022-05-13,2024-09-27,158.68,broadband,868
395,Brian,Zimba,brian.zimba@com.zm,Male,212.134.219.33,395,731-774-4535,ZM,48.41,yearly,227,2020-10-29,2023-12-02,427.73,broadband,1129
396,Iragena,Gasimba,iragena.gasimba@rw,Female,84.201.61.253,396,961-482-0631,RW,12.93,yearly,703,2022-02-14,2025-04-07,324.59,prepaid,1148
399,Natasha,Bwalya,natasha.bwalya@com.zm,Female,35.119.65.109,399,925-410-1331,ZM,47.71,yearly,748,2020-10-05,2024-11-18,216.70,prepaid,1505
400,Tawana,Sithole,tawana.sithole@co.zw,Female,66.69.110.78,400,126-550-6709,ZWE,90.07,yearly,651,2021-11-14,2025-09-18,198.39,prepaid,1404
401,Natasha,Phiri,natasha.phiri@com.zm,Female,81.134.68.38,401,288-108-0197,ZM,2.82,yearly,758,2021-03-07,2023-01-22,64.62,broadband,686
403,Lesedi,Nkosi,lesedi.nkosi@africa,Female,34.43.182.192,403,546-629-1359,RSA,18.69,yearly,355,2022-10-31,2023-06-16,45.37,broadband,228
404,Panashe,Sithole,panashe.sithole@co.zw,Male,199.244.187.31,404,487-860-3654,ZWE,44.77,yearly,921,2020-10-21,2023-12-23,295.56,broadband,1158
405,James,Ncube,james.ncube@ac.zw,Male,169.64.60.115,405,114-240-4464,ZWE,26.03,yearly,672,2021-01-07,2024-01-25,114.47,prepaid,1113
408,James,Musonda,james.musonda@com.zm,Male,204.86.174.23,408,612-455-7061,ZM,83.00,yearly,280,2021-06-08,2024-10-07,268.19,postpaid,1217
410,Neo,Mokgethi,neo.mokgethi@org.bw,Female,75.61.173.9,410,350-744-7296,BW,21.43,yearly,549,2021-06-29,2023-11-03,490.90,prepaid,857
412,Eunice,Nyirenda,eunice.nyirenda@net.zm,Female,5.89.221.39,412,183-836-6345,ZM,0.04,yearly,334,2020-05-03,2023-04-11,47.87,postpaid,1073
416,Ingabire,Habimana,ingabire.habimana@co.rw,Female,205.176.114.204,416,211-548-0721,RW,41.37,yearly,500,2020-06-06,2025-05-10,92.79,broadband,1799
418,Zola,Mthembu,zola.mthembu@web.za,Polygender,102.204.143.137,418,181-901-3780,RSA,5.40,yearly,28,2020-09-09,2025-01-26,300.26,prepaid,1600
419,Mutale,Mumba,mutale.mumba@co.zm,Female,230.35.113.67,419,425-966-4308,ZM,43.31,yearly,420,2022-07-14,2025-07-03,269.49,postpaid,1085
425,Elizabeth,Phiri,elizabeth.phiri@co.zm,Female,43.252.218.83,425,241-896-2060,ZM,91.95,yearly,975,2022-07-12,2023-12-03,367.43,broadband,509
426,Ingabire,Nsabimana,ingabire.nsabimana@org.rw,Female,65.92.60.71,426,460-986-3491,RW,44.14,yearly,841,2021-05-08,2024-03-01,322.43,prepaid,1028
431,Elizabeth,Musonda,elizabeth.musonda@com.zm,Female,220.77.182.84,431,865-383-6020,ZM,68.50,yearly,239,2020-09-21,2025-07-31,12.56,postpaid,1774
433,Pono,Modise,pono.modise@bw,Female,13.231.191.85,433,708-648-4753,BW,44.79,yearly,727,2022-04-11,2024-10-31,296.65,prepaid,934
437,Banda,Bwalya,banda.bwalya@org.zm,Genderqueer,228.18.143.95,437,754-780-7544,ZM,44.23,yearly,565,2021-01-08,2025-04-06,265.69,prepaid,1549
438,Asanda,Jacobs,asanda.jacobs@africa,Genderfluid,15.56.226.128,438,367-291-5460,RSA,80.56,yearly,709,2020-08-23,2024-07-18,401.55,postpaid,1425
441,Marisa,Sithole,marisa.sithole@co.zw,Female,75.235.164.191,441,827-314-3863,ZWE,30.30,yearly,443,2022-01-31,2024-07-02,445.12,postpaid,883
444,Rumbidzai,Dube,rumbidzai.dube@ac.zw,Female,249.253.75.177,444,680-126-6547,ZWE,24.46,yearly,631,2021-04-01,2025-03-05,430.68,broadband,1434
448,Natasha,Musonda,natasha.musonda@org.zm,Female,134.48.174.151,448,107-671-9044,ZM,66.33,yearly,604,2020-07-17,2025-01-15,201.18,broadband,1643
449,Themba,Jacobs,themba.jacobs@web.za,Male,15.202.227.16,449,476-667-3189,RSA,6.45,yearly,142,2020-10-14,2024-12-02,185.17,postpaid,1510
457,Kudakwashe,Nyoni,kudakwashe.nyoni@net.zw,Non-binary,199.141.191.36,457,234-370-8418,ZWE,5.11,yearly,289,2021-02-25,2025-10-30,456.46,prepaid,1708
460,James,Mulenga,james.mulenga@net.zm,Polygender,100.32.90.75,460,524-964-9805,ZM,16.69,yearly,951,2022-01-18,2025-12-27,33.63,prepaid,1439
469,Mazimpaka,Nsabimana,mazimpaka.nsabimana@rw,Male,123.179.156.76,469,858-231-8742,RW,49.22,yearly,390,2021-09-22,2025-04-24,286.07,broadband,1310
470,Keza,Mporera,keza.mporera@co.rw,Female,227.130.129.239,470,411-373-9862,RW,60.67,yearly,254,2022-07-19,2025-05-09,434.15,prepaid,1025
481,James,Lungu,james.lungu@com.zm,Male,8.35.154.41,481,257-932-1444,ZM,45.57,yearly,161,2022-02-24,2024-05-09,436.21,postpaid,805
482,Vimbai,Sibanda,vimbai.sibanda@net.zw,Female,206.127.110.127,482,789-633-0623,ZWE,4.36,yearly,593,2021-11-24,2023-08-18,404.74,broadband,632
483,Boitumelo,Modise,boitumelo.modise@org.bw,Female,82.191.54.100,483,843-190-3284,BW,68.31,yearly,834,2022-05-09,2025-06-13,351.60,prepaid,1131
484,Mpho,Masedi,mpho.masedi@bw,Female,203.199.22.101,484,295-452-7425,BW,27.41,yearly,643,2022-03-31,2025-04-12,109.96,broadband,1108
486,James,Moyenda,james.moyenda@co.zm,Male,10.46.128.180,486,794-299-4490,ZM,36.21,yearly,860,2021-05-06,2023-02-02,302.84,broadband,637
488,Inonge,Musonda,inonge.musonda@org.zm,Female,171.202.5.32,488,897-911-3309,ZM,34.94,yearly,624,2022-10-18,2024-10-04,324.49,broadband,717
489,Rumbidzai,Sibanda,rumbidzai.sibanda@ac.zw,Female,203.129.200.202,489,538-625-1571,ZWE,54.90,yearly,222,2021-12-13,2025-11-29,140.24,postpaid,1447
490,Isaro,Gasimba,isaro.gasimba@rw,Bigender,77.240.222.36,490,512-912-3327,RW,23.44,yearly,313,2020-04-03,2024-01-17,130.34,broadband,1384
491,Tatenda,Moyo,tatenda.moyo@net.zw,Male,25.22.63.225,491,982-192-8436,ZWE,93.72,yearly,43,2020-10-05,2025-02-23,59.31,prepaid,1602
494,Vusimuzi,Khumalo,vusimuzi.khumalo@web.za,Male,155.58.16.251,494,223-418-4805,RSA,34.66,yearly,496,2022-08-27,2023-11-05,72.46,broadband,435
501,Isaro,Arnina,isaro.arnina@net.rw,Female,25.137.242.235,501,190-464-1632,RW,46.73,yearly,473,2022-06-02,2023-01-17,96.02,postpaid,229
505,Ruvarashe,Ncube,ruvarashe.ncube@net.zw,Female,113.127.111.132,505,637-243-6574,ZWE,98.51,yearly,704,2021-12-07,2025-07-16,483.14,broadband,1317
507,Segomotso,Hulela,segomotso.hulela@org.bw,Bigender,137.232.173.227,507,587-988-3841,BW,58.37,yearly,955,2021-11-03,2025-09-30,316.59,broadband,1427
512,Zimba,Moyenda,zimba.moyenda@ac.zm,Male,198.196.158.109,512,580-472-4029,ZM,81.94,yearly,966,2020-07-27,2024-11-27,362.02,postpaid,1584
517,Uwimbabazi,Habimana,uwimbabazi.habimana@co.rw,Female,82.144.132.249,517,216-891-4833,RW,71.58,yearly,701,2021-06-04,2025-03-21,316.12,broadband,1386
525,Mazimpaka,Uwimana,mazimpaka.uwimana@rw,Male,247.183.86.210,525,539-761-3496,RW,29.86,yearly,594,2020-05-09,2024-07-10,20.94,postpaid,1523
526,Nyasha,Ngwenya,nyasha.ngwenya@net.zw,Female,31.47.146.16,526,102-152-7975,ZWE,72.46,yearly,222,2021-05-03,2023-12-19,413.15,broadband,960
529,Zira,Ncube,zira.ncube@ac.zw,Female,30.9.169.82,529,968-700-6713,ZWE,2.76,yearly,746,2022-09-24,2024-02-22,133.30,broadband,516
534,Rusanganwa,Mugwaneza,rusanganwa.mugwaneza@net.rw,Male,2.144.48.9,534,226-636-2872,RW,68.19,yearly,49,2022-04-20,2025-07-01,380.56,postpaid,1168
540,Tawana,Tshuma,tawana.tshuma@co.zw,Female,172.248.211.206,540,568-649-7359,ZWE,1.35,yearly,413,2022-04-16,2025-02-22,379.00,postpaid,1043
544,Kudakwashe,Tshuma,kudakwashe.tshuma@net.zw,Male,25.100.8.213,544,996-291-5995,ZWE,87.56,yearly,265,2022-07-10,2025-04-13,215.15,prepaid,1008
545,Bayanda,Ngcobo,bayanda.ngcobo@net.za,Male,251.28.7.47,545,598-865-3523,RSA,26.31,yearly,292,2022-02-14,2024-07-17,355.86,postpaid,884
547,Rumbidzai,Mutsipa,rumbidzai.mutsipa@co.zw,Female,142.8.241.115,547,360-685-2516,ZWE,12.71,yearly,619,2022-05-30,2023-02-12,290.16,broadband,258
548,Pono,Kealotswe,pono.kealotswe@org.bw,Female,222.24.80.247,548,724-222-6008,BW,81.71,yearly,26,2022-02-01,2024-07-11,347.73,postpaid,891
550,Bwalya,Moyenda,bwalya.moyenda@org.zm,Female,147.28.30.6,550,282-370-0728,ZM,10.79,yearly,582,2021-04-22,2023-11-09,220.81,broadband,931
554,Ganza,Ntwali,ganza.ntwali@net.rw,Male,126.81.103.78,554,192-282-5226,RW,98.88,yearly,579,2022-09-19,2025-02-23,486.31,broadband,888
555,Goitsemodimo,Kealotswe,goitsemodimo.kealotswe@co.bw,Male,152.234.123.91,555,927-462-8843,BW,31.25,yearly,292,2021-02-14,2025-11-23,371.19,broadband,1743
556,Akanyang,Molefe,akanyang.molefe@net.bw,Male,201.50.236.135,556,266-220-1545,BW,90.85,yearly,180,2021-10-20,2024-01-05,137.53,prepaid,807
560,Tafadzwa,Nkomo,tafadzwa.nkomo@co.zw,Male,20.234.20.57,560,978-128-9959,ZWE,60.82,yearly,514,2020-12-15,2025-06-15,232.18,prepaid,1643
561,Pule,Motlhaping,pule.motlhaping@bw,Male,203.80.169.76,561,414-355-9256,BW,21.49,yearly,651,2020-07-23,2025-12-11,12.20,prepaid,1967
565,Zimba,Chama,zimba.chama@com.zm,Male,147.110.99.227,565,615-273-3822,ZM,58.78,yearly,158,2022-03-06,2023-10-22,157.03,postpaid,595
580,Mary,Tembo,mary.tembo@net.zm,Genderqueer,78.185.117.3,580,960-736-2436,ZM,50.68,yearly,157,2020-02-19,2025-05-27,283.05,postpaid,1924
582,Brian,Nyirenda,brian.nyirenda@co.zm,Male,87.113.35.6,582,575-570-3716,ZM,22.48,yearly,266,2022-06-03,2023-02-24,398.17,broadband,266
584,Bwalya,Mulenga,bwalya.mulenga@com.zm,Female,81.219.35.40,584,579-952-9191,ZM,42.85,yearly,479,2021-11-12,2023-12-04,497.16,broadband,752
585,Natasha,Chama,natasha.chama@ac.zm,Female,156.235.243.152,585,907-926-9780,ZM,30.57,yearly,612,2020-06-09,2023-03-08,146.37,postpaid,1002
589,Ngosa,Banda,ngosa.banda@org.zm,Male,106.235.90.47,589,452-926-3732,ZM,71.15,yearly,737,2020-06-28,2023-02-15,172.35,broadband,962
590,Lorato,Motlhaping,lorato.motlhaping@net.bw,Female,46.189.161.91,590,909-195-8695,BW,84.69,yearly,616,2022-03-19,2024-04-07,391.50,postpaid,750
592,Akanyang,Masesane,akanyang.masesane@co.bw,Male,199.237.237.21,592,948-194-8789,BW,82.48,yearly,457,2020-05-16,2023-09-24,16.97,prepaid,1226
594,Khethiwe,Jacobs,khethiwe.jacobs@net.za,Female,111.16.36.150,594,831-860-4498,RSA,41.50,yearly,139,2021-12-16,2024-11-28,21.02,broadband,1078
596,Simbarashe,Dube,simbarashe.dube@net.zw,Male,168.174.31.250,596,199-728-8954,ZWE,66.29,yearly,394,2022-06-25,2023-04-30,156.72,broadband,309
598,Sethunya,Masedi,sethunya.masedi@bw,Female,105.156.193.201,598,954-166-1705,BW,78.83,yearly,358,2020-06-29,2024-11-21,89.55,broadband,1606
600,Refilwe,Ndlovu,refilwe.ndlovu@net.za,Female,168.208.146.97,600,902-523-7413,RSA,24.05,yearly,156,2022-05-10,2024-07-17,374.10,prepaid,799
601,Goitsemang,Simasiku,goitsemang.simasiku@co.bw,Male,238.115.130.91,601,934-306-7419,BW,63.95,yearly,24,2020-02-17,2023-10-06,402.50,broadband,1327
602,Eunice,Moyenda,eunice.moyenda@org.zm,Female,180.109.77.175,602,739-885-6173,ZM,99.96,yearly,887,2022-05-17,2025-11-25,122.82,postpaid,1288
603,Mandisa,Nkosi,mandisa.nkosi@co.za,Female,67.15.87.8,603,792-382-1114,RSA,16.89,yearly,936,2022-07-31,2023-08-11,168.33,broadband,376
604,Themba,Jacobs,themba.jacobs@org.za,Male,125.212.183.95,604,258-539-6121,RSA,24.54,yearly,524,2020-04-28,2023-01-25,317.21,postpaid,1002
607,Ingabire,Nsabimana,ingabire.nsabimana@org.rw,Female,169.117.68.49,607,456-210-1140,RW,15.82,yearly,518,2021-03-28,2023-09-09,173.54,postpaid,895
609,Mmusi,Hulela,mmusi.hulela@net.bw,Male,194.180.227.150,609,112-145-9844,BW,4.50,yearly,977,2020-10-06,2024-06-16,197.64,prepaid,1349
610,Sethunya,Moabi,sethunya.moabi@org.bw,Female,112.58.66.4,610,124-106-0382,BW,76.45,yearly,27,2022-06-08,2025-01-30,28.70,prepaid,967
616,Mugwaneza,Munyentwari,mugwaneza.munyentwari@rw,Female,255.92.164.55,616,896-298-0233,RW,68.14,yearly,804,2022-07-11,2024-04-03,396.70,broadband,632
617,Iribagiza,Uwimana,iribagiza.uwimana@net.rw,Female,14.248.140.78,617,678-377-5805,RW,57.51,yearly,156,2021-04-05,2025-02-23,70.38,prepaid,1420
623,Akaliza,Ngabo,akaliza.ngabo@co.rw,Female,150.157.12.36,623,227-460-2454,RW,97.61,yearly,153,2021-05-31,2024-05-27,402.48,prepaid,1092
624,Zimba,Mumba,zimba.mumba@com.zm,Male,85.43.136.60,624,688-624-9436,ZM,72.78,yearly,405,2022-11-27,2024-12-31,128.77,prepaid,765
625,Karabo,Masesane,karabo.masesane@org.bw,Male,221.111.113.249,625,534-731-0877,BW,43.75,yearly,953,2022-12-24,2025-11-05,384.12,prepaid,1047
628,Bontle,Molefe,bontle.molefe@org.bw,Female,220.107.223.109,628,699-888-8934,BW,14.43,yearly,482,2022-06-23,2024-01-05,297.47,prepaid,561
629,Takudzwa,Sibanda,takudzwa.sibanda@net.zw,Male,168.130.251.232,629,607-186-6026,ZWE,62.87,yearly,5,2020-03-17,2024-08-18,293.20,postpaid,1615
631,Panashe,Ndlovu,panashe.ndlovu@org.zw,Male,147.141.128.136,631,257-416-2331,ZWE,13.50,yearly,913,2022-08-09,2025-07-24,446.40,broadband,1080
636,Keza,Mporera,keza.mporera@rw,Female,86.78.64.169,636,976-218-8502,RW,0.71,yearly,913,2021-07-28,2024-05-26,420.46,broadband,1033
637,Grace,Mumba,grace.mumba@com.zm,Bigender,138.175.7.33,637,966-180-8166,ZM,45.00,yearly,879,2022-03-14,2023-01-18,11.62,broadband,310
639,Tanyaradzwa,Sithole,tanyaradzwa.sithole@co.zw,Male,147.206.110.88,639,237-213-7385,ZWE,77.62,yearly,333,2020-01-27,2025-02-02,151.90,postpaid,1833
640,Ntwali,Arnina,ntwali.arnina@org.rw,Bigender,96.125.203.125,640,940-754-3248,RW,14.74,yearly,502,2021-05-04,2023-11-17,208.74,broadband,927
643,Blessing,Sithole,blessing.sithole@org.zw,Female,182.56.0.143,643,807-786-8678,ZWE,97.23,yearly,760,2020-03-26,2023-12-27,439.13,postpaid,1371
644,David,Ngwenya,david.ngwenya@ac.zw,Male,168.14.101.39,644,594-813-0332,ZWE,24.29,yearly,601,2020-07-30,2023-04-22,292.60,prepaid,996
645,Neo,Masesane,neo.masesane@bw,Female,28.172.15.62,645,536-350-8906,BW,43.74,yearly,44,2022-12-23,2025-06-25,100.43,postpaid,915
654,Mpho,Hulela,mpho.hulela@org.bw,Male,245.94.120.92,654,233-627-1220,BW,48.85,yearly,336,2020-06-30,2025-03-12,486.45,postpaid,1716
655,Modise,Modise,modise.modise@net.bw,Genderfluid,246.75.242.35,655,834-155-2096,BW,30.55,yearly,537,2020-11-16,2023-05-05,315.04,postpaid,900
656,Itai,Tshuma,itai.tshuma@org.zw,Male,150.189.22.111,656,603-969-8856,ZWE,47.66,yearly,194,2020-11-03,2023-12-17,319.79,prepaid,1139
657,Zola,Steenkamp,zola.steenkamp@org.za,Female,223.104.219.254,657,880-626-7813,RSA,83.30,yearly,657,2022-06-30,2025-04-04,429.43,postpaid,1009
658,Mbarushimana,Gasimba,mbarushimana.gasimba@org.rw,Male,255.204.195.207,658,243-363-0777,RW,90.53,yearly,405,2020-12-06,2023-07-05,69.47,broadband,941
660,Munyentwali,Kimani,munyentwali.kimani@rw,Male,55.61.229.206,660,707-653-8905,RW,70.74,yearly,581,2022-04-04,2024-04-29,67.96,broadband,756
663,Ganza,Gasimba,ganza.gasimba@rw,Male,140.124.221.184,663,907-993-9590,RW,54.00,yearly,187,2020-11-25,2025-02-02,326.24,prepaid,1530
664,Lethokuhle,Zuma,lethokuhle.zuma@org.za,Male,7.41.34.28,664,318-415-1800,RSA,17.65,yearly,205,2022-12-20,2023-08-09,465.26,broadband,232
665,Sarah,Ngwenya,sarah.ngwenya@org.zw,Female,241.225.141.163,665,633-195-7596,ZWE,40.00,yearly,274,2022-11-22,2025-05-26,450.13,broadband,916
666,Paul,Ncube,paul.ncube@org.zw,Male,164.61.136.42,666,743-130-7216,ZWE,32.95,yearly,597,2022-08-22,2024-08-30,17.12,prepaid,739
667,Iragena,Ingabire,iragena.ingabire@co.rw,Female,212.214.87.22,667,972-489-5801,RW,2.29,yearly,987,2022-08-26,2024-06-20,22.58,broadband,664
668,Goitsemang,Mokgethi,goitsemang.mokgethi@org.bw,Male,178.252.201.220,668,326-664-2739,BW,11.53,yearly,624,2020-06-06,2023-06-24,116.47,broadband,1113
671,Zinzi,Ndlovu,zinzi.ndlovu@org.za,Female,239.25.85.29,671,820-175-1784,RSA,37.18,yearly,30,2022-08-31,2025-04-12,390.35,postpaid,955
672,Mutanguha,Habimana,mutanguha.habimana@org.rw,Male,37.116.117.187,672,453-429-0192,RW,74.20,yearly,441,2021-08-27,2023-01-12,76.09,prepaid,503
673,Lorato,Masesane,lorato.masesane@bw,Female,222.250.53.19,673,703-281-2874,BW,59.77,yearly,230,2020-07-02,2023-08-19,35.09,postpaid,1143
675,Kagiso,Mokgethi,kagiso.mokgethi@bw,Polygender,98.159.116.125,675,396-384-6639,BW,30.59,yearly,747,2021-12-05,2023-01-30,143.08,broadband,421
676,Maida,Ngwenya,maida.ngwenya@org.zw,Female,96.43.167.4,676,428-265-3580,ZWE,4.37,yearly,140,2022-03-03,2025-09-30,381.26,postpaid,1307
677,Namwali,Zimba,namwali.zimba@ac.zm,Female,255.180.225.183,677,120-523-0441,ZM,88.72,yearly,438,2020-08-19,2023-01-15,52.89,prepaid,879
680,Brian,Tshuma,brian.tshuma@ac.zw,Male,121.36.102.91,680,570-563-2152,ZWE,3.97,yearly,505,2020-12-11,2023-06-10,33.58,broadband,911
681,Uwase,Kimani,uwase.kimani@org.rw,Female,52.194.165.53,681,260-772-6990,RW,3.41,yearly,166,2021-08-07,2025-09-13,18.70,prepaid,1498
684,Zinzi,du Plessis,zinzi.duplessis@net.za,Female,28.255.152.87,684,576-538-4670,RSA,66.55,yearly,897,2021-06-13,2025-03-27,317.36,broadband,1383
686,Anele,Ndlovu,anele.ndlovu@net.za,Female,182.183.191.247,686,772-450-1470,RSA,28.06,yearly,583,2020-12-10,2023-01-12,455.05,postpaid,763
687,Munezero,Mporera,munezero.mporera@net.rw,Male,84.170.3.44,687,964-524-2026,RW,86.54,yearly,696,2022-01-17,2024-03-14,235.26,broadband,787
691,Busisiwe,Nkosi,busisiwe.nkosi@org.za,Female,231.95.25.150,691,691-438-2282,RSA,83.15,yearly,586,2020-02-17,2025-08-01,66.88,broadband,1992
696,Ayabonga,Dlamini,ayabonga.dlamini@co.za,Male,8.111.229.198,696,848-763-9421,RSA,87.73,yearly,904,2020-01-25,2025-04-06,300.47,prepaid,1898
698,Busisiwe,Pretorius,busisiwe.pretorius@net.za,Female,131.182.235.139,698,911-804-1143,RSA,12.37,yearly,138,2020-02-28,2023-10-04,402.37,postpaid,1314
699,Mitaako,Ntwali,mitaako.ntwali@org.rw,Female,156.59.111.230,699,601-633-3759,RW,39.58,yearly,199,2021-03-21,2024-09-13,284.56,postpaid,1272
700,Grace,Banda,grace.banda@ac.zm,Female,1.141.29.230,700,785-126-3911,ZM,81.66,yearly,970,2022-07-03,2024-01-08,328.80,broadband,554
702,Mary,Zulu,mary.zulu@org.zm,Female,201.56.95.46,702,533-525-5585,ZM,3.06,yearly,215,2022-10-14,2023-06-25,304.45,prepaid,254
704,Paul,Banda,paul.banda@org.zm,Male,135.74.106.204,704,665-855-1210,ZM,7.46,yearly,366,2022-02-20,2023-06-24,230.24,prepaid,489
706,Lerato,Ndlovu,lerato.ndlovu@net.za,Female,231.128.134.201,706,431-227-2208,RSA,67.10,yearly,596,2021-09-27,2025-11-23,335.27,postpaid,1518
709,Eunice,Mumba,eunice.mumba@co.zm,Female,87.86.106.211,709,224-517-1464,ZM,67.15,yearly,632,2021-07-01,2023-07-10,325.85,postpaid,739
712,Ingabire,Nsabimana,ingabire.nsabimana@co.rw,Female,249.249.117.122,712,129-137-6981,RW,85.20,yearly,904,2020-09-24,2023-07-04,126.81,prepaid,1013
715,Marea,Bantsi,marea.bantsi@net.bw,Female,110.25.118.115,715,458-795-8731,BW,88.41,yearly,116,2020-02-12,2025-07-02,199.72,postpaid,1967
717,Banda,Lungu,banda.lungu@co.zm,Male,59.220.222.104,717,718-529-7526,ZM,4.56,yearly,829,2022-10-01,2023-08-26,370.71,postpaid,329
720,Ntwali,Keza,ntwali.keza@rw,Male,232.196.225.68,720,466-861-0225,RW,81.56,yearly,68,2022-04-01,2023-11-20,224.90,postpaid,598
723,Kudakwashe,Phiri,kudakwashe.phiri@net.zw,Male,207.215.15.215,723,800-613-0317,ZWE,86.28,yearly,493,2022-08-07,2025-09-18,290.15,broadband,1138
727,Uwase,Kimani,uwase.kimani@net.rw,Female,51.137.55.85,727,409-254-4780,RW,19.22,yearly,37,2020-02-26,2025-02-09,150.54,broadband,1810
728,Simbarashe,Sibanda,simbarashe.sibanda@co.zw,Male,192.202.233.34,728,308-971-5440,ZWE,59.55,yearly,666,2022-12-17,2025-04-01,193.67,broadband,836
730,Marea,Hulela,marea.hulela@co.bw,Female,196.247.205.247,730,566-885-5825,BW,22.12,yearly,822,2022-05-06,2025-01-31,345.58,prepaid,1001
733,Paul,Chama,paul.chama@co.zm,Male,166.16.67.15,733,312-168-7372,ZM,95.32,yearly,212,2021-05-07,2023-09-12,17.13,postpaid,858
742,Kgosi,Botha,kgosi.botha@org.za,Male,240.178.153.106,742,706-340-3368,RSA,94.18,yearly,366,2020-06-24,2025-01-26,132.21,postpaid,1677
745,Siboyintore,Uwera,siboyintore.uwera@co.rw,Male,109.215.4.44,745,755-182-0740,RW,79.09,yearly,958,2020-08-16,2023-10-07,470.32,broadband,1147
746,Kamanzi,Ingabire,kamanzi.ingabire@rw,Male,161.130.157.19,746,870-456-7681,RW,35.92,yearly,255,2022-11-12,2024-10-28,241.58,broadband,716
755,Namwali,Phiri,namwali.phiri@ac.zm,Female,130.112.237.87,755,216-113-2490,ZM,33.55,yearly,27,2022-04-13,2023-01-29,475.21,prepaid,291
762,Sethunya,Molefe,sethunya.molefe@net.bw,Female,66.133.124.125,762,615-665-9683,BW,11.64,yearly,266,2022-11-04,2024-03-02,254.05,postpaid,484
765,James,Tembo,james.tembo@org.zm,Male,101.110.81.152,765,183-640-0774,ZM,45.49,yearly,299,2020-04-24,2024-04-08,392.78,prepaid,1445
766,Zulu,Musonda,zulu.musonda@ac.zm,Male,72.213.58.88,766,552-623-2532,ZM,58.03,yearly,4,2020-04-23,2023-07-14,119.45,prepaid,1177
767,King,Tshuma,king.tshuma@ac.zw,Male,84.230.231.184,767,522-491-3108,ZWE,20.81,yearly,595,2022-03-21,2025-12-05,319.09,prepaid,1355
768,Zira,Nkomo,zira.nkomo@ac.zw,Female,93.153.111.134,768,902-372-9421,ZWE,97.39,yearly,28,2020-08-09,2023-10-18,39.90,broadband,1165
770,Boikanyo,Bantsi,boikanyo.bantsi@net.bw,Male,207.90.32.27,770,415-473-4986,BW,3.25,yearly,447,2020-08-19,2024-11-17,261.03,prepaid,1551
772,Gift,Zulu,gift.zulu@co.zm,Female,211.219.214.86,772,492-856-2032,ZM,47.50,yearly,680,2022-11-13,2023-08-31,283.80,prepaid,291
773,Munyentwali,Mugwaneza,munyentwali.mugwaneza@net.rw,Male,152.2.170.7,773,346-720-9399,RW,40.08,yearly,437,2020-03-09,2023-05-31,48.41,broadband,1178
775,Zola,du Plessis,zola.duplessis@org.za,Female,45.160.154.112,775,824-174-6270,RSA,50.48,yearly,682,2021-12-20,2023-03-08,392.34,postpaid,443
776,Mandisa,Pretorius,mandisa.pretorius@web.za,Female,88.75.32.74,776,416-142-6284,RSA,49.71,yearly,615,2021-06-04,2025-04-20,56.57,postpaid,1416
777,Lesedi,Ngcobo,lesedi.ngcobo@net.za,Female,30.113.92.186,777,540-681-6603,RSA,9.67,yearly,603,2022-02-04,2025-02-15,200.53,postpaid,1107
780,Boitumelo,Motlhaping,boitumelo.motlhaping@bw,Female,212.173.149.167,780,778-599-5928,BW,83.53,yearly,287,2022-11-19,2025-02-14,106.27,prepaid,818
781,Mike,Moyenda,mike.moyenda@org.zm,Male,128.228.43.207,781,505-226-4612,ZM,35.86,yearly,352,2022-03-04,2023-09-21,475.51,broadband,566
785,Maita,Sithole,maita.sithole@org.zw,Female,220.139.7.77,785,416-593-2295,ZWE,37.47,yearly,275,2022-04-22,2023-04-12,155.86,broadband,355
787,Lorato,Mokgethi,lorato.mokgethi@co.bw,Female,16.15.240.170,787,338-449-8977,BW,52.84,yearly,640,2022-10-21,2023-08-17,183.82,prepaid,300
790,Ruvarashe,Nkomo,ruvarashe.nkomo@co.zw,Female,97.128.184.226,790,460-863-7104,ZWE,96.79,yearly,374,2020-03-17,2024-07-09,418.19,broadband,1575
793,Keabetswe,Zuma,keabetswe.zuma@net.za,Female,42.101.159.193,793,563-511-8941,RSA,53.33,yearly,766,2020-10-31,2023-11-22,298.48,prepaid,1117
795,Garuka,Ingabire,garuka.ingabire@rw,Bigender,247.51.226.25,795,911-620-0784,RW,13.12,yearly,574,2021-11-20,2025-05-29,110.32,postpaid,1286
797,Akaliza,Kimani,akaliza.kimani@net.rw,Female,181.171.4.161,797,178-953-0984,RW,68.88,yearly,664,2022-12-13,2023-02-12,96.73,postpaid,61
798,Eunice,Zimba,eunice.zimba@org.zm,Agender,47.78.29.51,798,795-243-3117,ZM,11.24,yearly,212,2022-07-20,2024-10-08,130.69,postpaid,811
799,Gosego,Motlhaping,gosego.motlhaping@co.bw,Non-binary,143.216.237.164,799,434-867-0810,BW,0.45,yearly,661,2021-09-24,2025-01-14,25.97,broadband,1208
801,Mthoko,du Plessis,mthoko.duplessis@co.za,Male,20.65.185.248,801,720-705-9364,RSA,94.24,yearly,788,2021-11-30,2023-10-05,439.71,postpaid,674
811,Elizabeth,Lungu,elizabeth.lungu@com.zm,Female,32.168.62.0,811,395-370-7932,ZM,4.50,yearly,872,2021-11-15,2024-07-17,461.02,prepaid,975
819,Goitsemodimo,Bantsi,goitsemodimo.bantsi@co.bw,Male,200.95.196.95,819,163-313-5021,BW,62.51,yearly,599,2022-03-07,2023-05-31,327.11,broadband,450
821,Rusanganwa,Kimani,rusanganwa.kimani@co.rw,Male,58.251.133.190,821,653-828-2864,RW,4.93,yearly,699,2020-09-14,2024-05-04,479.71,postpaid,1328
823,Brian,Zulu,brian.zulu@org.zm,Male,229.149.14.210,823,303-171-7360,ZM,69.78,yearly,807,2021-12-30,2023-11-20,389.44,broadband,690
825,Uwamahoro,Arnina,uwamahoro.arnina@net.rw,Female,220.151.165.216,825,837-516-2205,RW,63.34,yearly,252,2021-05-20,2023-10-09,307.72,broadband,872
831,Sipho,Ngcobo,sipho.ngcobo@co.za,Male,2.52.229.101,831,100-792-7743,RSA,15.67,yearly,111,2022-11-25,2024-01-14,21.18,broadband,415
832,Neza,Iradukunda,neza.iradukunda@co.rw,Female,15.61.209.216,832,675-140-8880,RW,73.84,yearly,649,2020-09-12,2023-12-23,443.96,broadband,1197
833,Garuka,Mporera,garuka.mporera@rw,Female,38.80.235.229,833,298-216-7437,RW,80.30,yearly,185,2021-06-08,2023-11-10,48.92,prepaid,885
836,Melokuhle,Ndlovu,melokuhle.ndlovu@net.za,Male,115.113.149.90,836,201-870-2017,RSA,86.28,yearly,416,2022-05-08,2024-04-12,142.96,broadband,705
839,Bwalya,Bwalya,bwalya.bwalya@com.zm,Female,17.99.231.65,839,633-324-8718,ZM,48.35,yearly,937,2021-10-05,2025-12-06,240.26,broadband,1523
842,Mitaako,Keza,mitaako.keza@org.rw,Female,77.123.160.59,842,710-392-9408,RW,49.53,yearly,218,2020-07-10,2023-12-20,63.73,broadband,1258
847,Chanda,Soko,chanda.soko@net.zm,Male,117.218.9.165,847,715-473-6504,ZM,64.01,yearly,897,2020-05-22,2024-10-26,389.03,broadband,1618
849,Michael,Tshuma,michael.tshuma@ac.zw,Male,168.3.249.40,849,577-667-3495,ZWE,61.92,yearly,284,2021-02-08,2023-03-31,57.40,broadband,781
853,Emma,Nkomo,emma.nkomo@ac.zw,Female,208.186.37.22,853,510-983-9932,ZWE,11.11,yearly,214,2022-03-04,2024-05-04,208.78,postpaid,792
855,Tanyaradzwa,Nyoni,tanyaradzwa.nyoni@co.zw,Male,209.77.130.99,855,318-805-2842,ZWE,74.41,yearly,569,2021-08-03,2025-03-07,346.44,prepaid,1312
858,Chanda,Tembo,chanda.tembo@com.zm,Male,191.130.87.179,858,348-895-1315,ZM,56.25,yearly,456,2022-07-23,2023-06-19,62.61,postpaid,331
859,Mthoko,Mkhize,mthoko.mkhize@net.za,Genderfluid,97.102.44.230,859,791-257-8366,RSA,53.70,yearly,571,2020-01-30,2025-02-15,20.19,broadband,1843
863,Grace,Mumba,grace.mumba@com.zm,Female,238.227.165.152,863,400-190-4695,ZM,96.71,yearly,147,2020-12-19,2023-03-16,55.96,prepaid,817
866,Inonge,Mumba,inonge.mumba@com.zm,Female,2.61.102.66,866,360-918-0859,ZM,12.98,yearly,437,2021-12-05,2023-03-13,482.00,postpaid,463
876,Mike,Bwalya,mike.bwalya@com.zm,Male,240.12.155.7,876,210-194-4949,ZM,70.01,yearly,398,2022-01-07,2024-05-20,210.37,postpaid,864
884,Mutale,Mulenga,mutale.mulenga@co.zm,Female,217.65.16.110,884,532-529-8869,ZM,58.53,yearly,845,2022-04-30,2023-01-04,200.23,postpaid,249
886,Michael,Mwanza,michael.mwanza@ac.zm,Bigender,49.204.178.33,886,713-948-3383,ZM,23.24,yearly,881,2022-03-09,2023-10-22,206.34,postpaid,592
887,Cheelo,Mwanza,cheelo.mwanza@com.zm,Female,243.140.205.97,887,904-570-1773,ZM,84.90,yearly,830,2020-02-27,2023-08-28,248.15,postpaid,1278
889,Bandile,Zuma,bandile.zuma@web.za,Male,30.25.81.22,889,793-315-3275,RSA,83.94,yearly,275,2022-01-24,2024-09-14,104.17,postpaid,964
893,Modise,Modise,modise.modise@co.bw,Male,176.104.154.12,893,774-570-2544,BW,80.44,yearly,338,2020-01-13,2023-10-16,313.05,postpaid,1372
895,Banda,Bwalya,banda.bwalya@com.zm,Male,252.200.199.156,895,791-861-2313,ZM,80.78,yearly,212,2020-02-28,2023-08-25,40.19,prepaid,1274
898,Shema,Ntwali,shema.ntwali@rw,Male,145.87.12.176,898,716-982-8156,RW,80.01,yearly,861,2021-07-15,2025-10-02,187.86,prepaid,1540
902,Miriro,Sithole,miriro.sithole@co.zw,Female,155.230.16.196,902,266-428-2438,ZWE,64.81,yearly,605,2020-04-20,2024-07-23,111.08,broadband,1555
905,Melokuhle,Ngcobo,melokuhle.ngcobo@org.za,Male,16.237.130.211,905,866-772-4038,RSA,69.73,yearly,972,2022-04-25,2024-07-25,165.71,broadband,822
908,Neo,Modise,neo.modise@net.bw,Female,38.47.53.160,908,798-486-2730,BW,67.53,yearly,547,2021-03-13,2023-11-07,106.84,postpaid,969
911,Simbarashe,Ndlovu,simbarashe.ndlovu@org.zw,Male,88.232.174.88,911,561-658-7070,ZWE,70.70,yearly,543,2020-06-19,2024-03-23,175.47,broadband,1373
912,Mugisha,Ntwali,mugisha.ntwali@rw,Male,106.158.107.16,912,461-996-6445,RW,78.27,yearly,606,2022-02-12,2023-11-03,325.56,broadband,629
918,Lisa,Ncube,lisa.ncube@org.zw,Female,124.58.5.184,918,323-195-3988,ZWE,55.85,yearly,647,2020-03-31,2024-09-20,373.04,prepaid,1634
920,Mpho,Simasiku,mpho.simasiku@net.bw,Female,184.56.232.201,920,525-624-7349,BW,77.16,yearly,967,2021-08-25,2024-12-13,263.28,prepaid,1206
928,Ditiro,Masesane,ditiro.masesane@net.bw,Female,141.151.78.60,928,293-262-2930,BW,48.94,yearly,260,2021-01-19,2024-09-23,50.35,broadband,1343
929,Mmoloki,Kealotswe,mmoloki.kealotswe@net.bw,Male,237.234.159.109,929,401-975-2268,BW,37.90,yearly,578,2020-07-30,2024-08-11,290.42,broadband,1473
932,Turatsinze,Ngabo,turatsinze.ngabo@rw,Male,126.191.4.97,932,666-104-3494,RW,56.58,yearly,471,2022-12-02,2023-12-07,192.79,broadband,370
933,Mandla,Nkosi,mandla.nkosi@africa,Male,114.186.88.130,933,763-984-5790,RSA,94.58,yearly,866,2022-11-02,2025-07-17,89.14,postpaid,988
938,Marea,Hulela,marea.hulela@co.bw,Female,183.73.137.43,938,837-101-0972,BW,6.88,yearly,319,2021-12-10,2023-11-26,150.73,broadband,716
940,Lorato,Moabi,lorato.moabi@org.bw,Female,22.166.69.61,940,585-429-2045,BW,9.79,yearly,491,2021-11-29,2025-01-07,228.12,postpaid,1135
942,Lethokuhle,Jacobs,lethokuhle.jacobs@africa,Male,11.104.250.26,942,837-637-0601,RSA,57.75,yearly,259,2020-05-18,2023-10-16,429.88,prepaid,1246
943,Nshimiye,Ingabire,nshimiye.ingabire@rw,Male,170.37.13.93,943,477-512-6907,RW,95.62,yearly,917,2021-05-07,2023-06-18,335.60,broadband,772
946,Banele,Pretorius,banele.pretorius@africa,Male,42.153.73.36,946,356-438-3770,RSA,21.59,yearly,434,2021-07-22,2023-11-23,78.61,broadband,854
950,Ruvarashe,Ncube,ruvarashe.ncube@org.zw,Female,106.5.85.164,950,115-453-0146,ZWE,21.75,yearly,352,2021-08-15,2024-10-20,135.72,postpaid,1162
951,Ntwali,Ingabire,ntwali.ingabire@org.rw,Male,222.134.99.76,951,561-857-2295,RW,79.88,yearly,295,2020-03-31,2025-05-22,237.92,prepaid,1878
974,Mugabo,Mugwaneza,mugabo.mugwaneza@co.rw,Male,214.164.168.64,974,330-841-6894,RW,23.30,yearly,648,2020-10-14,2024-05-03,171.72,postpaid,1297
978,Zira,Sibanda,zira.sibanda@org.zw,Female,116.29.249.126,978,296-809-3854,ZWE,92.03,yearly,422,2022-03-15,2023-02-02,117.21,postpaid,324
980,Bontle,Modise,bontle.modise@org.bw,Female,132.6.152.122,980,367-922-3497,BW,71.15,yearly,79,2021-05-08,2023-01-01,191.12,broadband,603
987,Thabo,Khumalo,thabo.khumalo@net.za,Male,161.48.136.158,987,224-136-9077,RSA,94.79,yearly,242,2021-08-04,2024-08-12,185.43,postpaid,1104
988,Mary,Mwanza,mary.mwanza@ac.zm,Female,236.54.246.231,988,180-524-1073,ZM,95.78,yearly,99,2021-11-18,2023-02-12,455.24,broadband,451
993,Mugabo,Mporera,mugabo.mporera@net.rw,Male,193.72.63.190,993,885-398-5540,RW,96.68,yearly,289,2021-02-28,2025-06-26,152.39,prepaid,1579
994,Joseph,Soko,joseph.soko@ac.zm,Male,184.50.54.73,994,746-518-4887,ZM,73.74,yearly,908,2020-07-13,2023-10-12,185.04,postpaid,1186
997,Goitsemodimo,Mokgethi,goitsemodimo.mokgethi@bw,Male,104.78.150.127,997,567-761-6074,BW,71.05,yearly,604,2021-08-10,2024-08-25,149.17,prepaid,1111
998,James,Lungu,james.lungu@ac.zm,Non-binary,45.65.25.19,998,734-775-9756,ZM,56.60,yearly,628,2022-10-06,2023-11-30,400.37,postpaid,420
999,Cheelo,Bwalya,cheelo.bwalya@com.zm,Female,57.139.255.180,999,585-511-3032,ZM,96.96,yearly,400,2021-09-12,2023-12-17,191.97,prepaid,826
1000,Esihle,Zuma,esihle.zuma@africa,Female,186.14.46.37,1000,568-274-0050,RSA,35.67,yearly,910,2022-02-10,2025-03-28,336.09,prepaid,1142
